Replace by,Label
ambiguity,ambiguity resolution
anomaly detection,anomaly detection systems
artificial intelligence,artificial intelligence (ai)
attention mechanism,attention mechanisms
attention mechanism,attention model
programing languages,c (programming language)
classification task,classification
classification task,classification (of information)
classification task,classification results
classification task,classification tasks
code large language model,code large language models
code large language model,code llm
code large language model,code llms
contextual information and extraction,contextual information
contextual information and extraction,contextual information extraction & retrieval system
contextual information and extraction,contextual information extraction & retrieval systems
classification task,data classification
decision making,decision making managements
deep neural network,deep neural networks
electronic health,electronic health record
encoding,encoding (symbols)
encoding,encoding algorithms
fuzzy,fuzzy inference
fuzzy,fuzzy markup language
fuzzy,fuzzy markup languages
fuzzy,fuzzy rules
garden path,garden path phenomena
garden path,garden path phenomenon
generative ai,generative ai image agent
generative ai,generative artificial intelligence
graphics processing,graphics processing unit
hyper-parameter optimization,hyper-parameter
hyper-parameter optimization,hyper-parameter optimizations
hyper-parameter optimization,hyperparameter optimization
image processing,image manipulation
image processing,image segmentation
information retrieval,information retrieval systems
information retrieval,information-retrieval systems
knowledge graph,knowledge graph (kg)
knowledge graph,knowledge graphs
llm,large language model
llm,large language models
llm,large language models (llm)
learning algorithms,learning models
learning algorithms,learning systems
light weight,light-weight
machine learning,machine-learning
natural language ambiguity,natural language ambiguities
natural language processing,natural language processing (nlp)
natural language processing,natural language processing systems
neural networks,neural-networks
noisy intermediate scale quantum system,noisy intermediate scale quantum systems (nisq)
optimization,optimisations
parameterized quantum circuit,parameterized quantum circuits
parameterized,parametrizations
part of speech tagging,parts-of-speech tagging
pipelines,pipeline processing systems
prolog,prolog (programming language)
psycholinguistic,psycholinguistics
qnlp,q-nlp
qnlp,quantinuum natural language processing
property,property estimation
quantum circuit,quantum circuits
quantum computer,quantum computers
quantum embedding,quantum embeddings
quantum kernel,quantum kernels
q-lstm,quantum long short-term memory neural network
quantum computer,quantum machines
qnlp,quantum natural language processing
qnlp,quantum natural language processing (qnlp)
quantum neural network,quantum neural networks
quantum neural network,quantum neural networks (qnn)
qnlp,quantum nlp
quantum probability,quantum probabilities
qrnn,quantum recurrent neural network
qubit,qubit system
qubit,qubits
real-time processing,realtime processing
sentence classification,sentence classifications
steganography,steganalysis
stochastics,stochastic models
stochastics,stochastic systems
string diagram,string diagrams
supervised learning,supervised machine learning
support vector machine,support vector machines
support vector machine,support vector regression
support vector machine,support vectors machine
support vector machine,svm
syntactics,syntactic structure
tensors,tensor product
tensors,tensor products
transformer,transformer-based model
transformer,transformer-based models
unitary transformation,unitary transformations
variational quantum classifier,variational quantum classifier (vqc)
variational techniques,variational quantum computing
variational quantum classifier,vqc
word embedding,word embeddings
q-lstm,qlstm
natural language processing,nlp